timestamp,speed_mps,steering_deg,brake_pct,throttle_pct,lateral_error,ttc_sec,aeb_active,objects_detected,dbw_fault
1781769090.834572,0.00,0.00,0.00,0.00,0.00,0.00,0,0,0
1781769090.9345455,0.00,0.00,0.00,0.00,0.00,0.00,0,0,0
1781769091.0347767,0.00,0.00,0.00,0.00,0.00,0.00,0,0,0
1781769091.1344345,0.00,0.00,0.00,0.00,0.00,0.00,0,0,0
1781769091.2344732,0.00,0.00,0.00,0.00,0.00,0.00,0,0,0
1781769091.3371792,0.00,0.00,0.00,0.00,0.00,999.00,1,0,0
1781769091.4360616,0.00,0.00,0.00,0.00,0.00,999.00,1,0,0
1781769091.534445,0.00,0.00,0.00,0.00,0.00,999.00,1,0,0
1781769091.6345398,0.00,0.00,0.00,0.00,0.00,999.00,1,0,0
1781769091.7344556,0.00,0.00,0.00,0.00,0.00,999.00,1,0,0
1781769091.834622,0.00,0.00,0.00,0.00,0.00,999.00,1,0,0
1781769091.9346395,0.00,0.00,0.00,0.00,0.00,999.00,1,0,0
1781769092.034625,0.00,0.00,0.00,0.00,0.00,999.00,1,0,0
1781769092.1345756,0.00,0.00,0.00,0.00,0.00,999.00,1,0,0
1781769092.2367485,0.00,0.00,0.00,0.00,0.00,999.00,1,0,0
1781769092.334999,0.00,0.00,0.00,0.00,0.00,999.00,1,0,0
1781769092.4349985,0.00,0.00,0.00,0.00,0.00,999.00,1,0,0
1781769092.53499,0.00,0.00,0.00,0.00,0.00,999.00,1,0,0
1781769092.634871,0.00,0.00,0.00,0.00,0.00,999.00,1,0,0
1781769092.735177,0.00,0.00,0.00,0.00,0.00,999.00,1,0,0
1781769092.8348546,0.00,0.00,0.00,0.00,0.00,999.00,1,0,0
1781769092.9346242,0.00,0.00,0.00,0.00,0.00,999.00,1,0,0
1781769093.0349424,0.00,0.00,0.00,0.00,0.00,999.00,1,0,0
1781769093.1356778,0.00,0.00,0.00,0.00,0.00,999.00,1,0,0
1781769093.2347662,0.00,0.00,0.00,0.00,0.00,999.00,1,0,0
1781769093.3345902,0.00,-0.44,0.00,10.00,0.03,999.00,1,0,0
1781769093.4354475,0.00,-1.31,0.00,10.00,0.09,999.00,1,0,0
1781769093.5344968,0.00,-3.10,0.00,10.00,0.21,999.00,1,0,0
1781769093.635122,0.00,-3.67,0.00,10.00,0.26,999.00,1,0,0
1781769093.7345622,0.00,-4.31,0.00,10.00,0.29,999.00,1,0,0
1781769093.8348825,0.00,-4.64,0.00,10.00,0.31,999.00,1,0,0
1781769093.934582,0.00,-4.81,0.00,10.00,0.32,999.00,1,0,0
1781769094.034944,0.00,-4.90,0.00,10.00,0.33,999.00,1,0,0
1781769094.1346762,0.00,-4.94,0.00,10.00,0.33,999.00,1,0,0
1781769094.2346652,0.00,-4.61,0.00,10.00,0.31,999.00,1,0,0
1781769094.334728,0.00,-4.00,0.00,10.00,0.27,999.00,1,0,0
1781769094.4357228,0.00,-4.49,0.00,10.00,0.30,999.00,1,0,0
1781769094.535153,0.00,-4.38,0.00,10.00,0.29,999.00,1,0,0
1781769094.634951,0.00,-3.68,0.00,10.00,0.25,999.00,1,0,0
1781769094.73514,0.00,-4.32,0.00,10.00,0.29,999.00,1,0,0
1781769094.8345184,0.00,-3.86,0.00,10.00,0.26,999.00,1,0,0
1781769094.9346056,0.00,-3.86,0.00,10.00,0.26,999.00,1,0,0
1781769095.0344603,0.00,-4.06,0.00,10.00,0.27,999.00,1,0,0
1781769095.134506,0.00,-4.08,0.00,10.00,0.27,999.00,1,0,0
1781769095.2344913,0.00,-3.61,0.00,10.00,0.24,999.00,1,0,0
1781769095.3345282,0.00,-3.48,0.00,10.00,0.23,999.00,1,0,0
1781769095.4346693,0.00,-2.88,0.00,10.00,0.19,999.00,1,0,0
1781769095.5346403,0.00,-3.90,0.00,10.00,0.26,999.00,1,0,0
1781769095.6345718,0.00,-3.08,0.00,10.00,0.21,999.00,1,0,0
1781769095.7345948,0.00,-2.66,0.00,10.00,0.18,999.00,1,0,0
1781769095.834556,0.00,-2.44,0.00,10.00,0.16,999.00,1,0,0
1781769095.9347236,0.00,-2.33,0.00,10.00,0.16,999.00,1,0,0
1781769096.0355806,0.00,-2.27,0.00,10.00,0.15,999.00,1,0,0
1781769096.1349673,0.00,-2.24,0.00,10.00,0.15,999.00,1,0,0
1781769096.234574,0.00,-2.23,0.00,10.00,0.15,999.00,1,0,0
1781769096.3345838,0.00,-2.22,0.00,10.00,0.15,999.00,1,0,0
1781769096.4344482,0.00,-2.22,0.00,10.00,0.15,999.00,1,0,0
1781769096.5344596,0.00,-2.77,0.00,10.00,0.18,999.00,1,0,0
1781769096.6344228,0.00,-2.50,0.00,10.00,0.17,999.00,1,0,0
1781769096.734696,0.00,-2.91,0.00,10.00,0.19,999.00,1,0,0
1781769096.8345404,0.00,-3.93,0.00,10.00,0.26,999.00,1,0,0
1781769096.9344943,0.00,-4.09,0.00,10.00,0.27,999.00,1,0,0
1781769097.034593,0.00,-4.53,0.00,10.00,0.30,999.00,1,0,0
1781769097.1345208,0.00,-4.75,0.00,10.00,0.32,999.00,1,0,0
1781769097.234606,0.00,-4.87,0.00,10.00,0.32,999.00,1,0,0
1781769097.33456,0.00,-3.57,0.00,10.00,0.24,999.00,1,0,0
1781769097.434538,0.00,-2.91,0.00,10.00,0.19,999.00,1,0,0
1781769097.5347126,0.00,-2.57,0.00,10.00,0.17,999.00,1,0,0
1781769097.634534,0.00,-2.39,0.00,10.00,0.16,999.00,1,0,0
1781769097.7351005,0.00,-2.30,0.00,10.00,0.15,999.00,1,0,0
1781769097.8344955,0.00,-2.26,0.00,10.00,0.15,999.00,1,0,0
1781769097.9347003,0.00,-2.24,0.00,10.00,0.15,999.00,1,0,0
1781769098.0345619,0.00,-2.22,0.00,10.00,0.15,999.00,1,0,0
1781769098.1347847,0.00,-2.22,0.00,10.00,0.15,999.00,1,0,0
1781769098.2345302,0.00,-2.77,0.00,10.00,0.18,999.00,1,0,0
1781769098.334504,0.00,-3.85,0.00,10.00,0.26,999.00,1,0,0
1781769098.434556,0.00,-4.40,0.00,10.00,0.29,999.00,1,0,0
1781769098.5345502,0.00,-4.69,0.00,10.00,0.31,999.00,1,0,0
1781769098.63458,0.00,-4.83,0.00,10.00,0.32,999.00,1,0,0
1781769098.734513,0.00,-4.89,0.00,10.00,0.33,999.00,1,0,0
1781769098.8345568,0.00,-3.58,0.00,10.00,0.24,999.00,1,0,0
1781769098.9344952,0.00,-2.77,0.00,10.00,0.18,999.00,1,0,0
1781769099.0344472,0.00,-2.50,0.00,10.00,0.17,999.00,1,0,0
1781769099.1348982,0.00,-2.40,0.00,10.00,0.16,999.00,1,0,0
1781769099.23444,0.00,-2.29,0.00,10.00,0.15,999.00,1,0,0
1781769099.3345048,0.00,-2.80,0.00,10.00,0.19,999.00,1,0,0
1781769099.4344697,0.00,-2.51,0.00,10.00,0.17,999.00,1,0,0
1781769099.534834,0.00,-3.41,0.00,10.00,0.25,999.00,1,0,0
1781769099.6345193,0.00,-4.19,0.00,10.00,0.29,999.00,1,0,0
1781769099.7346396,0.00,-4.59,0.00,10.00,0.31,999.00,1,0,0
1781769099.8349948,0.00,-4.79,0.00,10.00,0.32,999.00,1,0,0
1781769099.9347174,0.00,-4.89,0.00,10.00,0.33,999.00,1,0,0
1781769100.0354018,0.00,-4.94,0.00,10.00,0.33,999.00,1,0,0
1781769100.134569,0.00,-4.96,0.00,10.00,0.33,999.00,1,0,0
1781769100.2347178,0.00,-4.97,0.00,10.00,0.33,999.00,1,0,0
1781769100.3345163,0.00,-4.98,0.00,10.00,0.33,999.00,1,0,0
1781769100.4345584,0.00,-4.98,0.00,10.00,0.33,999.00,1,0,0
1781769100.5347798,0.00,-4.98,0.00,10.00,0.33,999.00,1,0,0
1781769100.6349535,0.00,-4.99,0.00,10.00,0.33,999.00,1,0,0
1781769100.7346127,0.00,-4.00,0.00,10.00,0.27,999.00,1,0,0
1781769100.834661,0.00,-4.48,0.00,10.00,0.30,999.00,1,0,0
1781769100.9346817,0.00,-4.72,0.00,10.00,0.31,999.00,1,0,0
1781769101.034778,0.00,-4.42,0.00,10.00,0.29,999.00,1,0,0
1781769101.1345959,0.00,-4.70,0.00,10.00,0.31,999.00,1,0,0
1781769101.2344553,0.00,-4.84,0.00,10.00,0.32,999.00,1,0,0
1781769101.3345976,0.00,-4.92,0.00,10.00,0.33,999.00,1,0,0
1781769101.4344926,0.00,-4.95,0.00,10.00,0.33,999.00,1,0,0
1781769101.5345805,0.00,-4.97,0.00,10.00,0.33,999.00,1,0,0
1781769101.6345239,0.00,-4.98,0.00,10.00,0.33,999.00,1,0,0
1781769101.7344868,0.00,-4.98,0.00,10.00,0.33,999.00,1,0,0
1781769101.834478,0.00,-4.99,0.00,10.00,0.33,999.00,1,0,0
1781769101.934629,0.00,-4.98,0.00,10.00,0.33,999.00,1,0,0
1781769102.0345302,0.00,-4.55,0.00,10.00,0.30,999.00,1,0,0
1781769102.1350722,0.00,-4.42,0.00,10.00,0.29,999.00,1,0,0
1781769102.234686,0.00,-3.79,0.00,10.00,0.25,999.00,1,0,0
1781769102.3356972,0.00,-3.03,0.00,10.00,0.20,999.00,1,0,0
1781769102.4344337,0.00,-2.64,0.00,10.00,0.18,999.00,1,0,0
1781769102.534588,0.00,-2.44,0.00,10.00,0.16,999.00,1,0,0
1781769102.6348674,0.00,-2.33,0.00,10.00,0.16,999.00,1,0,0
1781769102.7345989,0.00,-2.28,0.00,10.00,0.15,999.00,1,0,0
1781769102.8345342,0.00,-2.25,0.00,10.00,0.15,999.00,1,0,0
1781769102.9345543,0.00,-2.23,0.00,10.00,0.15,999.00,1,0,0
1781769103.0345316,0.00,-2.22,0.00,10.00,0.15,999.00,1,0,0
1781769103.134747,0.00,-2.22,0.00,10.00,0.15,999.00,1,0,0
1781769103.2353592,0.00,-2.22,0.00,10.00,0.15,999.00,1,0,0
1781769103.3347204,0.00,-2.24,0.00,10.00,0.15,999.00,1,0,0
1781769103.4347413,0.00,-2.23,0.00,10.00,0.15,999.00,1,0,0
1781769103.5345342,0.00,-2.22,0.00,10.00,0.15,999.00,1,0,0
1781769103.6345804,0.00,-2.23,0.00,10.00,0.15,999.00,1,0,0
1781769103.734799,0.00,-2.22,0.00,10.00,0.15,999.00,1,0,0
1781769103.834965,0.00,-2.23,0.00,10.00,0.15,999.00,1,0,0
1781769103.9346821,0.00,-2.22,0.00,10.00,0.15,999.00,1,0,0
1781769104.0347185,0.00,-2.22,0.00,10.00,0.15,999.00,1,0,0
1781769104.1345117,0.00,-2.23,0.00,10.00,0.15,999.00,1,0,0
1781769104.23482,0.00,-2.24,0.00,10.00,0.15,999.00,1,0,0
1781769104.3349903,0.00,-2.24,0.00,10.00,0.15,999.00,1,0,0
1781769104.4344406,0.00,-2.23,0.00,10.00,0.15,999.00,1,0,0
1781769104.5349803,0.00,-2.23,0.00,10.00,0.15,999.00,1,0,0
1781769104.6345484,0.00,-2.25,0.00,10.00,0.15,999.00,1,0,0
1781769104.7345226,0.00,-2.23,0.00,10.00,0.15,999.00,1,0,0
1781769104.8347056,0.00,-2.23,0.00,10.00,0.15,999.00,1,0,0
1781769104.93518,0.00,-2.22,0.00,10.00,0.15,999.00,1,0,0
1781769105.0347068,0.00,-2.22,0.00,10.00,0.15,999.00,1,0,0
1781769105.1349273,0.00,-2.22,0.00,10.00,0.15,999.00,1,0,0
1781769105.2346132,0.00,-2.22,0.00,10.00,0.15,999.00,1,0,0
1781769105.3348515,0.00,-2.22,0.00,10.00,0.15,999.00,1,0,0
1781769105.435494,0.00,-2.22,0.00,10.00,0.15,999.00,1,0,0
1781769105.5344226,0.00,-2.24,0.00,10.00,0.15,999.00,1,0,0
1781769105.6345541,0.00,-2.24,0.00,10.00,0.15,999.00,1,0,0
1781769105.7347605,0.00,-2.23,0.00,10.00,0.15,999.00,1,0,0
1781769105.8346336,0.00,-2.26,0.00,10.00,0.15,999.00,1,0,0
1781769105.9345853,0.00,-2.24,0.00,10.00,0.15,999.00,1,0,0
1781769106.0345378,0.00,-2.23,0.00,10.00,0.15,999.00,1,0,0
1781769106.1349177,0.00,-2.24,0.00,10.00,0.15,999.00,1,0,0
1781769106.2345421,0.00,-2.24,0.00,10.00,0.15,999.00,1,0,0
1781769106.3345277,0.00,-2.23,0.00,10.00,0.15,999.00,1,0,0
1781769106.4349873,0.00,-2.25,0.00,10.00,0.15,999.00,1,0,0
1781769106.5350933,0.00,-2.24,0.00,10.00,0.15,999.00,1,0,0
1781769106.6344552,0.00,-2.24,0.00,10.00,0.15,999.00,1,0,0
1781769106.7344115,0.00,-2.24,0.00,10.00,0.15,999.00,1,0,0
1781769106.8344307,0.00,-2.24,0.00,10.00,0.15,999.00,1,0,0
1781769106.9347558,0.00,-2.23,0.00,10.00,0.15,999.00,1,0,0
1781769107.034477,0.00,-2.22,0.00,10.00,0.15,999.00,1,0,0
1781769107.1345415,0.00,-2.22,0.00,10.00,0.15,999.00,1,0,0
1781769107.234825,0.00,-2.21,0.00,10.00,0.15,999.00,1,0,0
1781769107.334921,0.00,-2.21,0.00,10.00,0.15,999.00,1,0,0
1781769107.4344501,0.00,-2.21,0.00,10.00,0.15,999.00,1,0,0
1781769107.534475,0.00,-2.22,0.00,10.00,0.15,999.00,1,0,0
1781769107.634594,0.00,-2.22,0.00,10.00,0.15,999.00,1,0,0
1781769107.7347991,0.00,-2.23,0.00,10.00,0.15,999.00,1,0,0
1781769107.8345253,0.00,-2.22,0.00,10.00,0.15,999.00,1,0,0
1781769107.93449,0.00,-2.22,0.00,10.00,0.15,999.00,1,0,0
1781769108.0345802,0.00,-2.22,0.00,10.00,0.15,999.00,1,0,0
1781769108.1348267,0.00,-2.22,0.00,10.00,0.15,999.00,1,0,0
1781769108.2346091,0.00,-2.22,0.00,10.00,0.15,999.00,1,0,0
1781769108.3347769,0.00,-2.23,0.00,10.00,0.15,999.00,1,0,0
1781769108.4345644,0.00,-2.24,0.00,10.00,0.15,999.00,1,0,0
1781769108.5345483,0.00,-2.23,0.00,10.00,0.15,999.00,1,0,0
1781769108.6347413,0.00,-2.23,0.00,10.00,0.15,999.00,1,0,0
1781769108.7345705,0.00,-2.24,0.00,10.00,0.15,999.00,1,0,0
1781769108.8345609,0.00,-2.23,0.00,10.00,0.15,999.00,1,0,0
1781769108.9347522,0.00,-2.22,0.00,10.00,0.15,999.00,1,0,0
1781769109.0345106,0.00,-2.24,0.00,10.00,0.15,999.00,1,0,0
1781769109.1345289,0.00,-2.23,0.00,10.00,0.15,999.00,1,0,0
1781769109.2345765,0.00,-2.24,0.00,10.00,0.15,999.00,1,0,0
1781769109.3345513,0.00,-2.24,0.00,10.00,0.15,999.00,1,0,0
1781769109.4348083,0.00,-2.23,0.00,10.00,0.15,999.00,1,0,0
1781769109.5347056,0.00,-2.23,0.00,10.00,0.15,999.00,1,0,0
1781769109.634564,0.00,-2.22,0.00,10.00,0.15,999.00,1,0,0
1781769109.7349317,0.00,-2.22,0.00,10.00,0.15,999.00,1,0,0
1781769109.8349404,0.00,-2.22,0.00,10.00,0.15,999.00,1,0,0
1781769109.9344056,0.00,-2.22,0.00,10.00,0.15,999.00,1,0,0
1781769110.0346208,0.00,-2.22,0.00,10.00,0.15,999.00,1,0,0
1781769110.1349957,0.00,-2.22,0.00,10.00,0.15,999.00,1,0,0
1781769110.2349887,0.00,-2.22,0.00,10.00,0.15,999.00,1,0,0
1781769110.334604,0.00,-2.23,0.00,10.00,0.15,999.00,1,0,0
1781769110.4348373,0.00,-2.22,0.00,10.00,0.15,999.00,1,0,0
1781769110.5349302,0.00,-2.22,0.00,10.00,0.15,999.00,1,0,0
1781769110.6346974,0.00,-2.22,0.00,10.00,0.15,999.00,1,0,0
1781769110.734617,0.00,-2.22,0.00,10.00,0.15,999.00,1,0,0
1781769110.8345768,0.00,-2.21,0.00,10.00,0.15,999.00,1,0,0
1781769110.9348094,0.00,-2.21,0.00,10.00,0.15,999.00,1,0,0
1781769111.03469,0.00,-2.22,0.00,10.00,0.15,999.00,1,0,0
1781769111.1348448,0.00,-2.22,0.00,10.00,0.15,999.00,1,0,0
1781769111.2347853,0.00,-2.23,0.00,10.00,0.15,999.00,1,0,0
1781769111.3344116,0.00,-2.24,0.00,10.00,0.15,999.00,1,0,0
1781769111.4345467,0.00,-2.24,0.00,10.00,0.15,999.00,1,0,0
1781769111.5347216,0.00,-3.03,0.00,10.00,0.20,999.00,1,0,0
1781769111.6349213,0.00,-2.74,0.00,10.00,0.18,999.00,1,0,0
1781769111.7347312,0.00,-2.43,0.00,10.00,0.16,999.00,1,0,0
1781769111.8344347,0.00,-2.37,0.00,10.00,0.16,999.00,1,0,0
1781769111.9348443,0.00,-2.29,0.00,10.00,0.15,999.00,1,0,0
1781769112.0349267,0.00,-2.27,0.00,10.00,0.15,999.00,1,0,0
1781769112.135307,0.00,-2.26,0.00,10.00,0.15,999.00,1,0,0
1781769112.2348685,0.00,-2.24,0.00,10.00,0.15,999.00,1,0,0
1781769112.335006,0.00,-2.22,0.00,10.00,0.15,999.00,1,0,0
1781769112.434915,0.00,-2.23,0.00,10.00,0.15,999.00,1,0,0
1781769112.5344856,0.00,-2.24,0.00,10.00,0.15,999.00,1,0,0
1781769112.6349142,0.00,-2.23,0.00,10.00,0.15,999.00,1,0,0
1781769112.7349973,0.00,-2.22,0.00,10.00,0.15,999.00,1,0,0
1781769112.8347638,0.00,-2.23,0.00,10.00,0.15,999.00,1,0,0
1781769112.934925,0.00,-2.24,0.00,10.00,0.15,999.00,1,0,0
1781769113.034928,0.00,-2.24,0.00,10.00,0.15,999.00,1,0,0
1781769113.1347566,0.00,-2.28,0.00,10.00,0.15,999.00,1,0,0
1781769113.2344465,0.00,-3.23,0.00,10.00,0.22,999.00,1,0,0
1781769113.3346288,0.00,-3.08,0.00,10.00,0.21,999.00,1,0,0
1781769113.4355714,0.00,-3.79,0.00,10.00,0.25,999.00,1,0,0
1781769113.534463,0.00,-3.73,0.00,10.00,0.25,999.00,1,0,0
1781769113.6345701,0.00,-3.73,0.00,10.00,0.25,999.00,1,0,0
1781769113.7345414,0.00,-3.92,0.00,10.00,0.26,999.00,1,0,0
1781769113.8345463,0.00,-4.14,0.00,10.00,0.28,999.00,1,0,0
1781769113.934583,0.00,-4.13,0.00,10.00,0.28,999.00,1,0,0
1781769114.0345614,0.00,-3.79,0.00,10.00,0.25,999.00,1,0,0
1781769114.1346023,0.00,-3.57,0.00,10.00,0.24,999.00,1,0,0
1781769114.2345142,0.00,-3.61,0.00,10.00,0.24,999.00,1,0,0
1781769114.3345618,0.00,-3.21,0.00,10.00,0.21,999.00,1,0,0
1781769114.4346397,0.00,-2.25,0.00,10.00,0.15,999.00,1,0,0
1781769114.5345476,0.00,-1.83,0.00,10.00,0.12,999.00,1,0,0
1781769114.6345057,0.00,-1.58,0.00,10.00,0.11,999.00,1,0,0
1781769114.7346823,0.00,-1.48,0.00,10.00,0.10,999.00,1,0,0
1781769114.8346865,0.00,-1.37,0.00,10.00,0.09,999.00,1,0,0
1781769114.9345484,0.00,-0.68,0.00,10.00,0.05,999.00,1,0,0
1781769115.0345814,0.00,0.01,0.00,10.00,-0.00,999.00,1,0,0
1781769115.1344862,0.00,-0.34,0.00,10.00,0.02,999.00,1,0,0
1781769115.2348173,0.00,-2.84,0.00,10.00,0.19,999.00,1,0,0
1781769115.3345125,0.00,-2.07,0.00,10.00,0.14,999.00,1,0,0
1781769115.434488,0.00,0.58,0.00,10.00,-0.04,999.00,1,0,0
1781769115.5345075,0.00,-2.71,0.00,10.00,0.18,999.00,1,0,0
1781769115.634575,0.00,-3.87,0.00,10.00,0.26,999.00,1,0,0
1781769115.73463,0.00,-5.10,0.00,10.00,0.34,999.00,1,0,0
1781769115.8347962,0.00,-5.34,0.00,10.00,0.36,999.00,1,0,0
1781769115.9347768,0.00,-4.04,0.00,10.00,0.27,999.00,1,0,0
1781769116.0345058,0.00,-1.86,0.00,10.00,0.12,999.00,1,0,0
1781769116.1348207,0.00,-2.43,0.00,10.00,0.16,999.00,1,0,0
1781769116.234883,0.00,-2.47,0.00,10.00,0.16,999.00,1,0,0
1781769116.334617,0.00,-2.58,0.00,10.00,0.17,999.00,1,0,0
1781769116.434821,0.00,-2.59,0.00,10.00,0.17,999.00,1,0,0
1781769116.5344396,0.00,-2.78,0.00,10.00,0.19,999.00,1,0,0
1781769116.63445,0.00,-2.67,0.00,10.00,0.19,999.00,1,0,0
1781769116.7345152,0.00,-2.70,0.00,10.00,0.18,999.00,1,0,0
1781769116.8346393,0.00,-2.78,0.00,10.00,0.19,999.00,1,0,0
1781769116.9350119,0.00,-3.03,0.00,10.00,0.20,999.00,1,0,0
1781769117.0346231,0.00,-3.38,0.00,10.00,0.23,999.00,1,0,0
1781769117.1346579,0.00,-3.53,0.00,10.00,0.24,999.00,1,0,0
1781769117.2345693,0.00,-3.78,0.00,10.00,0.25,999.00,1,0,0
1781769117.334544,0.00,-3.91,0.00,10.00,0.26,999.00,1,0,0
1781769117.4349883,0.00,-3.96,0.00,10.00,0.26,999.00,1,0,0
1781769117.5344696,0.00,-4.01,0.00,10.00,0.27,999.00,1,0,0
1781769117.6346116,0.00,-4.03,0.00,10.00,0.27,999.00,1,0,0
1781769117.7344997,0.00,-4.04,0.00,10.00,0.27,999.00,1,0,0
1781769117.8345382,0.00,-4.06,0.00,10.00,0.27,999.00,1,0,0
1781769117.9351068,0.00,-4.08,0.00,10.00,0.27,999.00,1,0,0
1781769118.0346267,0.00,-3.96,0.00,10.00,0.26,999.00,1,0,0
1781769118.1347365,0.00,-3.59,0.00,10.00,0.24,999.00,1,0,0
1781769118.2345471,0.00,-3.26,0.00,10.00,0.22,999.00,1,0,0
1781769118.3346288,0.00,-3.36,0.00,10.00,0.22,999.00,1,0,0
1781769118.4345849,0.00,-3.17,0.00,10.00,0.21,999.00,1,0,0
1781769118.5346026,0.00,-3.18,0.00,10.00,0.20,999.00,1,0,0
1781769118.634552,0.00,-3.30,0.00,10.00,0.23,999.00,1,0,0
1781769118.7347965,0.00,-3.24,0.00,10.00,0.22,999.00,1,0,0
1781769118.8351629,0.00,-3.19,0.00,10.00,0.21,999.00,1,0,0
1781769118.935072,0.00,-3.37,0.00,10.00,0.22,999.00,1,0,0
1781769119.0346143,0.00,-3.22,0.00,10.00,0.21,999.00,1,0,0
1781769119.134589,0.00,-3.41,0.00,10.00,0.23,999.00,1,0,0
1781769119.2348552,0.00,-3.69,0.00,10.00,0.25,999.00,1,0,0
1781769119.3347256,0.00,-3.86,0.00,10.00,0.26,999.00,1,0,0
1781769119.4345806,0.00,-3.72,0.00,10.00,0.25,999.00,1,0,0
1781769119.5345762,0.00,-3.96,0.00,10.00,0.26,999.00,1,0,0
1781769119.63459,0.00,-4.04,0.00,10.00,0.27,999.00,1,0,0
1781769119.7344975,0.00,-4.05,0.00,10.00,0.27,999.00,1,0,0
1781769119.834565,0.00,-5.48,0.00,10.00,0.37,999.00,1,0,0
1781769119.9345493,0.00,-8.36,0.00,10.00,0.56,999.00,1,0,0
1781769120.034591,0.00,-9.73,0.00,10.00,0.65,999.00,1,0,0
1781769120.1346023,0.00,-10.49,0.00,10.00,0.70,999.00,1,0,0
1781769120.2345614,0.00,-10.40,0.00,10.00,0.69,999.00,1,0,0
1781769120.3346364,0.00,-8.98,0.00,10.00,0.60,999.00,1,0,0
1781769120.4345238,0.00,-5.67,0.00,10.00,0.38,999.00,1,0,0
1781769120.5345905,0.00,-4.45,0.00,10.00,0.30,999.00,1,0,0
1781769120.634516,0.00,-3.34,0.00,10.00,0.22,999.00,1,0,0
1781769120.7345803,0.00,2.28,0.00,10.00,-0.15,999.00,1,0,0
1781769120.8345985,0.00,-1.06,0.00,10.00,0.07,999.00,1,0,0
1781769120.9351153,0.00,-2.78,0.00,10.00,0.19,999.00,1,0,0
1781769121.0347853,0.00,-3.01,0.00,10.00,0.20,999.00,1,0,0
1781769121.1344976,0.00,-3.52,0.00,10.00,0.23,999.00,1,0,0
1781769121.2345421,0.00,-3.79,0.00,10.00,0.25,999.00,1,0,0
1781769121.3345287,0.00,-3.91,0.00,10.00,0.26,999.00,1,0,0
1781769121.434708,0.00,-5.17,0.00,10.00,0.34,999.00,1,0,0
1781769121.5345929,0.00,-5.07,0.00,10.00,0.34,999.00,1,0,0
1781769121.6346643,0.00,-4.15,0.00,10.00,0.28,999.00,1,0,0
1781769121.7345672,0.00,-3.70,0.00,10.00,0.25,999.00,1,0,0
1781769121.8344245,0.00,-3.55,0.00,10.00,0.24,999.00,1,0,0
1781769121.934569,0.00,-4.94,0.00,10.00,0.33,999.00,1,0,0
1781769122.034535,0.00,-4.93,0.00,10.00,0.33,999.00,1,0,0
1781769122.1345103,0.00,-4.53,0.00,10.00,0.30,999.00,1,0,0
1781769122.2348678,0.00,-4.00,0.00,10.00,0.27,999.00,1,0,0
1781769122.33488,0.00,-3.33,0.00,10.00,0.22,999.00,1,0,0
1781769122.4345033,0.00,-3.30,0.00,10.00,0.22,999.00,1,0,0
1781769122.534515,0.00,-3.60,0.00,10.00,0.24,999.00,1,0,0
1781769122.6345673,0.00,-4.10,0.00,10.00,0.27,999.00,1,0,0
1781769122.7345142,0.00,-4.69,0.00,10.00,0.31,999.00,1,0,0
1781769122.8345444,0.00,-3.42,0.00,10.00,0.23,999.00,1,0,0
1781769122.9345849,0.00,-0.79,0.00,10.00,0.05,999.00,1,0,0
1781769123.0347154,0.00,-0.08,0.00,10.00,0.01,999.00,1,0,0
1781769123.1346014,0.00,-0.84,0.00,10.00,0.07,999.00,1,0,0
1781769123.2351296,0.00,-1.85,0.00,10.00,0.16,999.00,1,0,0
1781769123.3344986,0.00,-4.74,0.00,10.00,0.32,999.00,1,0,0
1781769123.434567,0.00,-6.47,0.00,10.00,0.43,999.00,1,0,0
1781769123.5345323,0.00,-7.29,0.00,10.00,0.49,999.00,1,0,0
1781769123.6346722,0.00,-7.87,0.00,10.00,0.54,999.00,1,0,0
1781769123.7345123,0.00,-8.96,0.00,10.00,0.60,999.00,1,0,0
1781769123.8358777,0.00,-9.30,0.00,10.00,0.62,999.00,1,0,0
1781769123.934667,0.00,-9.00,0.00,10.00,0.60,999.00,1,0,0
1781769124.034532,0.00,-8.93,0.00,10.00,0.60,999.00,1,0,0
1781769124.1346588,0.00,-8.82,0.00,10.00,0.59,999.00,1,0,0
1781769124.234931,0.00,-8.51,0.00,10.00,0.57,999.00,1,0,0
1781769124.3344378,0.00,-8.40,0.00,10.00,0.56,999.00,1,0,0
1781769124.434523,0.00,-8.00,0.00,10.00,0.53,999.00,1,0,0
1781769124.5352683,0.00,-8.45,0.00,10.00,0.56,999.00,1,0,0
1781769124.6346388,0.00,-8.43,0.00,10.00,0.55,999.00,1,0,0
1781769124.734726,0.00,-8.13,0.00,10.00,0.55,999.00,1,0,0
1781769124.8347332,0.00,-8.30,0.00,10.00,0.55,999.00,1,0,0
1781769124.9346309,0.00,-8.32,0.00,10.00,0.55,999.00,1,0,0
1781769125.035076,0.00,-8.21,0.00,10.00,0.55,999.00,1,0,0
1781769125.1347044,0.00,-8.26,0.00,10.00,0.54,999.00,1,0,0
1781769125.2345312,0.00,-8.17,0.00,10.00,0.54,999.00,1,0,0
1781769125.3350043,0.00,-8.25,0.00,10.00,0.55,999.00,1,0,0
1781769125.4347475,0.00,-8.12,0.00,10.00,0.54,999.00,1,0,0
1781769125.535629,0.00,-8.28,0.00,10.00,0.55,999.00,1,0,0
1781769125.6348777,0.00,-8.70,0.00,10.00,0.58,999.00,1,0,0
1781769125.7346857,0.00,-8.90,0.00,10.00,0.59,999.00,1,0,0
1781769125.834714,0.00,-8.76,0.00,10.00,0.58,999.00,1,0,0
1781769125.9344537,0.00,-8.70,0.00,10.00,0.58,999.00,1,0,0
1781769126.0349777,0.00,-8.04,0.00,10.00,0.54,999.00,1,0,0
1781769126.134531,0.00,-7.25,0.00,10.00,0.48,999.00,1,0,0
1781769126.2346804,0.00,-7.16,0.00,10.00,0.48,999.00,1,0,0
1781769126.3345478,0.00,-6.85,0.00,10.00,0.46,999.00,1,0,0
1781769126.4346333,0.00,-6.94,0.00,10.00,0.46,999.00,1,0,0
1781769126.5346565,0.00,-2.97,0.00,10.00,0.20,999.00,1,0,0
1781769126.6345882,0.00,-0.70,0.00,10.00,0.05,999.00,1,0,0
1781769126.7346258,0.00,0.32,0.00,10.00,-0.02,999.00,1,0,0
1781769126.8346198,0.00,0.88,0.00,10.00,-0.06,999.00,1,0,0
1781769126.9345894,0.00,0.64,0.00,10.00,-0.04,999.00,1,0,0
1781769127.0347013,0.00,0.23,0.00,10.00,-0.02,999.00,1,0,0
1781769127.134693,0.00,0.34,0.00,10.00,-0.02,999.00,1,0,0
1781769127.2345586,0.00,0.36,0.00,10.00,-0.02,999.00,1,0,0
1781769127.3344805,0.00,1.32,0.00,10.00,-0.09,999.00,1,0,0
1781769127.4345753,0.00,3.10,0.00,10.00,-0.21,999.00,1,0,0
1781769127.5345614,0.00,3.01,0.00,10.00,-0.20,999.00,1,0,0
1781769127.6344838,0.00,2.19,0.00,10.00,-0.15,999.00,1,0,0
1781769127.7344956,0.00,1.28,0.00,10.00,-0.09,999.00,1,0,0
1781769127.834905,0.00,-0.72,0.00,10.00,0.05,999.00,1,0,0
1781769127.9345317,0.00,0.05,0.00,10.00,-0.00,999.00,1,0,0
1781769128.0345278,0.00,0.27,0.00,10.00,-0.02,999.00,1,0,0
1781769128.1346138,0.00,0.31,0.00,10.00,-0.02,999.00,1,0,0
1781769128.2345402,0.00,-0.02,0.00,10.00,0.00,999.00,1,0,0
1781769128.334581,0.00,-1.01,0.00,10.00,0.07,999.00,1,0,0
1781769128.4345772,0.00,-1.76,0.00,10.00,0.12,999.00,1,0,0
1781769128.5344656,0.00,0.14,0.00,10.00,-0.01,999.00,1,0,0
1781769128.6345434,0.00,-1.22,0.00,10.00,0.08,999.00,1,0,0
1781769128.7346718,0.00,0.59,0.00,10.00,-0.04,999.00,1,0,0
1781769128.8345642,0.00,3.17,0.00,10.00,-0.21,999.00,1,0,0
1781769128.9344816,0.00,4.10,0.00,10.00,-0.27,999.00,1,0,0
1781769129.0348501,0.00,5.43,0.00,10.00,-0.36,999.00,1,0,0
1781769129.13483,0.00,5.90,0.00,10.00,-0.39,999.00,1,0,0
1781769129.2345355,0.00,6.59,0.00,10.00,-0.44,999.00,1,0,0
1781769129.3345613,0.00,6.78,0.00,10.00,-0.45,999.00,1,0,0
1781769129.4345171,0.00,6.42,0.00,10.00,-0.43,999.00,1,0,0
1781769129.5344937,0.00,6.22,0.00,10.00,-0.41,999.00,1,0,0
1781769129.6348736,0.00,5.49,0.00,10.00,-0.37,999.00,1,0,0
1781769129.7344964,0.00,5.04,0.00,10.00,-0.34,999.00,1,0,0
1781769129.834482,0.00,4.27,0.00,10.00,-0.28,999.00,1,0,0
1781769129.934443,0.00,4.00,0.00,10.00,-0.27,999.00,1,0,0
1781769130.034546,0.00,3.77,0.00,10.00,-0.25,999.00,1,0,0
1781769130.1351974,0.00,3.21,0.00,10.00,-0.21,999.00,1,0,0
1781769130.2345977,0.00,2.34,0.00,10.00,-0.16,999.00,1,0,0
1781769130.3345795,0.00,2.05,0.00,10.00,-0.14,999.00,1,0,0
1781769130.434629,0.00,1.69,0.00,10.00,-0.11,999.00,1,0,0
1781769130.5344887,0.00,1.58,0.00,10.00,-0.11,999.00,1,0,0
1781769130.6346042,0.00,1.50,0.00,10.00,-0.10,999.00,1,0,0
1781769130.7350855,0.00,1.55,0.00,10.00,-0.10,999.00,1,0,0
1781769130.8348284,0.00,1.66,0.00,10.00,-0.11,999.00,1,0,0
1781769130.9346383,0.00,2.29,0.00,10.00,-0.15,999.00,1,0,0
1781769131.034533,0.00,3.45,0.00,10.00,-0.23,999.00,1,0,0
1781769131.134542,0.00,4.17,0.00,10.00,-0.28,999.00,1,0,0
1781769131.2345982,0.00,5.17,0.00,10.00,-0.34,999.00,1,0,0
1781769131.334508,0.00,3.88,0.00,10.00,-0.26,999.00,1,0,0
1781769131.4350133,0.00,3.30,0.00,10.00,-0.22,999.00,1,0,0
1781769131.5345762,0.00,2.08,0.00,10.00,-0.14,999.00,1,0,0
1781769131.634742,0.00,1.54,0.00,10.00,-0.10,999.00,1,0,0
1781769131.7346365,0.00,1.67,0.00,10.00,-0.11,999.00,1,0,0
1781769131.8344524,0.00,1.34,0.00,10.00,-0.09,999.00,1,0,0
1781769131.9350934,0.00,2.85,0.00,10.00,-0.19,999.00,1,0,0
1781769132.0346339,0.00,4.14,0.00,10.00,-0.28,999.00,1,0,0
1781769132.134729,0.00,4.88,0.00,10.00,-0.33,999.00,1,0,0
1781769132.234511,0.00,5.13,0.00,10.00,-0.34,999.00,1,0,0
1781769132.334586,0.00,5.25,0.00,10.00,-0.35,999.00,1,0,0
1781769132.4346333,0.00,5.26,0.00,10.00,-0.35,999.00,1,0,0
1781769132.5345664,0.00,5.41,0.00,10.00,-0.36,999.00,1,0,0
1781769132.6345038,0.00,5.59,0.00,10.00,-0.37,999.00,1,0,0
1781769132.7347188,0.00,5.78,0.00,10.00,-0.39,999.00,1,0,0
1781769132.834604,0.00,4.20,0.00,10.00,-0.28,999.00,1,0,0
1781769132.9349122,0.00,2.86,0.00,10.00,-0.17,999.00,1,0,0
1781769133.0344017,0.00,2.19,0.00,10.00,-0.13,999.00,1,0,0
1781769133.136133,0.00,1.79,0.00,10.00,-0.11,999.00,1,0,0
1781769133.2347324,0.00,1.49,0.00,10.00,-0.10,999.00,1,0,0
1781769133.3347225,0.00,1.39,0.00,10.00,-0.09,999.00,1,0,0
1781769133.4347806,0.00,1.41,0.00,10.00,-0.09,999.00,1,0,0
1781769133.5351126,0.00,1.35,0.00,10.00,-0.09,999.00,1,0,0
1781769133.634812,0.00,1.31,0.00,10.00,-0.09,999.00,1,0,0
1781769133.735276,0.00,2.98,0.00,10.00,-0.20,999.00,1,0,0
1781769133.8345602,0.00,4.33,0.00,10.00,-0.29,999.00,1,0,0
1781769133.934844,0.00,5.00,0.00,10.00,-0.33,999.00,1,0,0
1781769134.0344634,0.00,5.34,0.00,10.00,-0.36,999.00,1,0,0
1781769134.1348832,0.00,5.55,0.00,10.00,-0.37,999.00,1,0,0
1781769134.2344432,0.00,5.64,0.00,10.00,-0.38,999.00,1,0,0
1781769134.334463,0.00,5.67,0.00,10.00,-0.38,999.00,1,0,0
1781769134.4353282,0.00,5.68,0.00,10.00,-0.38,999.00,1,0,0
1781769134.5345185,0.00,5.69,0.00,10.00,-0.38,999.00,1,0,0
1781769134.63456,0.00,5.67,0.00,10.00,-0.38,999.00,1,0,0
1781769134.734792,0.00,5.68,0.00,10.00,-0.38,999.00,1,0,0
1781769134.8347726,0.00,5.67,0.00,10.00,-0.38,999.00,1,0,0
1781769134.9347873,0.00,5.66,0.00,10.00,-0.38,999.00,1,0,0
1781769135.0346084,0.00,5.65,0.00,10.00,-0.38,999.00,1,0,0
1781769135.1344984,0.00,5.64,0.00,10.00,-0.38,999.00,1,0,0
1781769135.2347596,0.00,5.63,0.00,10.00,-0.38,999.00,1,0,0
1781769135.3345578,0.00,5.63,0.00,10.00,-0.38,999.00,1,0,0
1781769135.434637,0.00,5.63,0.00,10.00,-0.38,999.00,1,0,0
1781769135.5345697,0.00,5.63,0.00,10.00,-0.38,999.00,1,0,0
1781769135.634854,0.00,5.63,0.00,10.00,-0.38,999.00,1,0,0
1781769135.734787,0.00,5.63,0.00,10.00,-0.38,999.00,1,0,0
1781769135.8344653,0.00,5.63,0.00,10.00,-0.38,999.00,1,0,0
1781769135.9345863,0.00,5.63,0.00,10.00,-0.38,999.00,1,0,0
1781769136.034545,0.00,5.63,0.00,10.00,-0.38,999.00,1,0,0
1781769136.1349225,0.00,5.63,0.00,10.00,-0.38,999.00,1,0,0
1781769136.2345529,0.00,5.64,0.00,10.00,-0.38,999.00,1,0,0
1781769136.3346298,0.00,5.64,0.00,10.00,-0.38,999.00,1,0,0
1781769136.4345636,0.00,5.65,0.00,10.00,-0.38,999.00,1,0,0
1781769136.534626,0.00,5.66,0.00,10.00,-0.38,999.00,1,0,0
1781769136.6345422,0.00,5.65,0.00,10.00,-0.38,999.00,1,0,0
1781769136.7345955,0.00,5.65,0.00,10.00,-0.38,999.00,1,0,0
1781769136.8345954,0.00,5.65,0.00,10.00,-0.38,999.00,1,0,0
1781769136.9346275,0.00,5.65,0.00,10.00,-0.38,999.00,1,0,0
1781769137.0345976,0.00,5.63,0.00,10.00,-0.38,999.00,1,0,0
1781769137.134583,0.00,5.64,0.00,10.00,-0.38,999.00,1,0,0
1781769137.2345393,0.00,5.64,0.00,10.00,-0.38,999.00,1,0,0
1781769137.3347068,0.00,5.64,0.00,10.00,-0.38,999.00,1,0,0
1781769137.434583,0.00,5.65,0.00,10.00,-0.38,999.00,1,0,0
1781769137.5344725,0.00,5.65,0.00,10.00,-0.38,999.00,1,0,0
1781769137.634634,0.00,5.66,0.00,10.00,-0.38,999.00,1,0,0
1781769137.734686,0.00,5.66,0.00,10.00,-0.38,999.00,1,0,0
1781769137.834598,0.00,5.66,0.00,10.00,-0.38,999.00,1,0,0
1781769137.9345968,0.00,5.63,0.00,10.00,-0.38,999.00,1,0,0
1781769138.034948,0.00,5.64,0.00,10.00,-0.38,999.00,1,0,0
1781769138.1348171,0.00,5.65,0.00,10.00,-0.38,999.00,1,0,0
1781769138.2344897,0.00,5.65,0.00,10.00,-0.38,999.00,1,0,0
1781769138.3349824,0.00,5.65,0.00,10.00,-0.38,999.00,1,0,0
1781769138.4347024,0.00,5.65,0.00,10.00,-0.38,999.00,1,0,0
1781769138.5344546,0.00,5.65,0.00,10.00,-0.38,999.00,1,0,0
1781769138.6345816,0.00,5.66,0.00,10.00,-0.38,999.00,1,0,0
1781769138.734523,0.00,5.66,0.00,10.00,-0.38,999.00,1,0,0
1781769138.8348706,0.00,5.66,0.00,10.00,-0.38,999.00,1,0,0
1781769138.9345572,0.00,5.66,0.00,10.00,-0.38,999.00,1,0,0
1781769139.035014,0.00,5.64,0.00,10.00,-0.38,999.00,1,0,0
1781769139.1345587,0.00,5.63,0.00,10.00,-0.38,999.00,1,0,0
1781769139.2347612,0.00,5.63,0.00,10.00,-0.38,999.00,1,0,0
1781769139.334578,0.00,5.63,0.00,10.00,-0.38,999.00,1,0,0
1781769139.4350731,0.00,5.63,0.00,10.00,-0.38,999.00,1,0,0
1781769139.5346878,0.00,5.62,0.00,10.00,-0.37,999.00,1,0,0
1781769139.634733,0.00,5.62,0.00,10.00,-0.37,999.00,1,0,0
1781769139.735484,0.00,5.62,0.00,10.00,-0.37,999.00,1,0,0
1781769139.8346741,0.00,5.62,0.00,10.00,-0.37,999.00,1,0,0
1781769139.9347496,0.00,5.62,0.00,10.00,-0.37,999.00,1,0,0
1781769140.0349479,0.00,5.62,0.00,10.00,-0.37,999.00,1,0,0
1781769140.1350648,0.00,5.63,0.00,10.00,-0.38,999.00,1,0,0
1781769140.2352822,0.00,5.63,0.00,10.00,-0.38,999.00,1,0,0
1781769140.3349028,0.00,5.65,0.00,10.00,-0.38,999.00,1,0,0
1781769140.4345336,0.00,5.66,0.00,10.00,-0.38,999.00,1,0,0
1781769140.534678,0.00,3.87,0.00,10.00,-0.26,999.00,1,0,0
1781769140.634495,0.00,2.34,0.00,10.00,-0.16,999.00,1,0,0
1781769140.7345002,0.00,1.71,0.00,10.00,-0.11,999.00,1,0,0
1781769140.8345685,0.00,1.42,0.00,10.00,-0.09,999.00,1,0,0
1781769140.9345107,0.00,1.31,0.00,10.00,-0.09,999.00,1,0,0
1781769141.0346153,0.00,1.27,0.00,10.00,-0.08,999.00,1,0,0
1781769141.1344922,0.00,1.26,0.00,10.00,-0.08,999.00,1,0,0
1781769141.2345068,0.00,1.25,0.00,10.00,-0.08,999.00,1,0,0
1781769141.3344767,0.00,1.26,0.00,10.00,-0.08,999.00,1,0,0
1781769141.4345894,0.00,1.24,0.00,10.00,-0.08,999.00,1,0,0
1781769141.5345085,0.00,1.24,0.00,10.00,-0.08,999.00,1,0,0
1781769141.6346157,0.00,1.21,0.00,10.00,-0.08,999.00,1,0,0
1781769141.7346566,0.00,1.21,0.00,10.00,-0.08,999.00,1,0,0
1781769141.8345058,0.00,1.20,0.00,10.00,-0.08,999.00,1,0,0
1781769141.934542,0.00,1.16,0.00,10.00,-0.08,999.00,1,0,0
1781769142.0345626,0.00,1.19,0.00,10.00,-0.08,999.00,1,0,0
1781769142.134582,0.00,1.23,0.00,10.00,-0.08,999.00,1,0,0
1781769142.234528,0.00,1.26,0.00,10.00,-0.08,999.00,1,0,0
1781769142.3345566,0.00,1.27,0.00,10.00,-0.08,999.00,1,0,0
1781769142.4345665,0.00,1.28,0.00,10.00,-0.09,999.00,1,0,0
1781769142.5345824,0.00,1.28,0.00,10.00,-0.09,999.00,1,0,0
1781769142.6345065,0.00,1.27,0.00,10.00,-0.08,999.00,1,0,0
1781769142.7344892,0.00,1.24,0.00,10.00,-0.08,999.00,1,0,0
1781769142.8345423,0.00,1.21,0.00,10.00,-0.08,999.00,1,0,0
1781769142.9345138,0.00,1.17,0.00,10.00,-0.08,999.00,1,0,0
1781769143.034438,0.00,1.14,0.00,10.00,-0.08,999.00,1,0,0
1781769143.1345382,0.00,1.16,0.00,10.00,-0.08,999.00,1,0,0
1781769143.2345288,0.00,1.16,0.00,10.00,-0.08,999.00,1,0,0
1781769143.3345492,0.00,1.16,0.00,10.00,-0.08,999.00,1,0,0
1781769143.434622,0.00,1.18,0.00,10.00,-0.08,999.00,1,0,0
1781769143.5345707,0.00,1.18,0.00,10.00,-0.08,999.00,1,0,0
1781769143.6350243,0.00,1.18,0.00,10.00,-0.08,999.00,1,0,0
1781769143.7344916,0.00,1.11,0.00,10.00,-0.07,999.00,1,0,0
1781769143.8347442,0.00,1.07,0.00,10.00,-0.07,999.00,1,0,0
1781769143.9346614,0.00,1.03,0.00,10.00,-0.07,999.00,1,0,0
1781769144.0345209,0.00,1.02,0.00,10.00,-0.07,999.00,1,0,0
1781769144.1345642,0.00,1.02,0.00,10.00,-0.07,999.00,1,0,0
1781769144.2345603,0.00,1.04,0.00,10.00,-0.07,999.00,1,0,0
1781769144.3349817,0.00,1.08,0.00,10.00,-0.07,999.00,1,0,0
1781769144.435053,0.00,1.20,0.00,10.00,-0.08,999.00,1,0,0
1781769144.5344923,0.00,1.32,0.00,10.00,-0.09,999.00,1,0,0
1781769144.6344447,0.00,1.44,0.00,10.00,-0.10,999.00,1,0,0
1781769144.734558,0.00,1.52,0.00,10.00,-0.10,999.00,1,0,0
1781769144.8345344,0.00,1.59,0.00,10.00,-0.11,999.00,1,0,0
1781769144.9354188,0.00,1.54,0.00,10.00,-0.10,999.00,1,0,0
1781769145.0345206,0.00,1.57,0.00,10.00,-0.10,999.00,1,0,0
1781769145.1348188,0.00,1.60,0.00,10.00,-0.11,999.00,1,0,0
1781769145.2345762,0.00,1.59,0.00,10.00,-0.11,999.00,1,0,0
1781769145.3345006,0.00,1.58,0.00,10.00,-0.11,999.00,1,0,0
1781769145.4344902,0.00,1.57,0.00,10.00,-0.10,999.00,1,0,0
1781769145.534709,0.00,1.60,0.00,10.00,-0.11,999.00,1,0,0
1781769145.634597,0.00,1.59,0.00,10.00,-0.10,999.00,1,0,0
1781769145.7345383,0.00,1.54,0.00,10.00,-0.10,999.00,1,0,0
1781769145.8345573,0.00,1.53,0.00,10.00,-0.10,999.00,1,0,0
1781769145.9344041,0.00,1.53,0.00,10.00,-0.10,999.00,1,0,0
1781769146.0346313,0.00,1.56,0.00,10.00,-0.10,999.00,1,0,0
1781769146.1345882,0.00,1.60,0.00,10.00,-0.11,999.00,1,0,0
1781769146.2347155,0.00,1.63,0.00,10.00,-0.11,999.00,1,0,0
1781769146.3346097,0.00,1.65,0.00,10.00,-0.11,999.00,1,0,0
1781769146.4345133,0.00,1.64,0.00,10.00,-0.11,999.00,1,0,0
1781769146.534949,0.00,1.64,0.00,10.00,-0.11,999.00,1,0,0
1781769146.635519,0.00,1.65,0.00,10.00,-0.11,999.00,1,0,0
1781769146.7345262,0.00,1.63,0.00,10.00,-0.11,999.00,1,0,0
1781769146.83457,0.00,1.62,0.00,10.00,-0.11,999.00,1,0,0
1781769146.9359794,0.00,1.62,0.00,10.00,-0.11,999.00,1,0,0
1781769147.034541,0.00,1.61,0.00,10.00,-0.11,999.00,1,0,0
1781769147.1346183,0.00,1.61,0.00,10.00,-0.11,999.00,1,0,0
1781769147.2346702,0.00,1.60,0.00,10.00,-0.11,999.00,1,0,0
1781769147.3346758,0.00,1.51,0.00,10.00,-0.10,999.00,1,0,0
1781769147.4345787,0.00,1.46,0.00,10.00,-0.10,999.00,1,0,0
1781769147.5357182,0.00,1.46,0.00,10.00,-0.10,999.00,1,0,0
1781769147.6347961,0.00,1.52,0.00,10.00,-0.10,999.00,1,0,0
1781769147.734584,0.00,1.63,0.00,10.00,-0.11,999.00,1,0,0
1781769147.8348098,0.00,1.69,0.00,10.00,-0.11,999.00,1,0,0
1781769147.9345367,0.00,1.70,0.00,10.00,-0.11,999.00,1,0,0
1781769148.0344796,0.00,1.73,0.00,10.00,-0.12,999.00,1,0,0
1781769148.1346307,0.00,1.77,0.00,10.00,-0.12,999.00,1,0,0
1781769148.2344954,0.00,1.78,0.00,10.00,-0.12,999.00,1,0,0
1781769148.3344424,0.00,1.81,0.00,10.00,-0.12,999.00,1,0,0
1781769148.4346068,0.00,1.87,0.00,10.00,-0.12,999.00,1,0,0
1781769148.5345142,0.00,1.88,0.00,10.00,-0.13,999.00,1,0,0
1781769148.634566,0.00,1.81,0.00,10.00,-0.12,999.00,1,0,0
1781769148.7345195,0.00,1.68,0.00,10.00,-0.11,999.00,1,0,0
1781769148.8344438,0.00,1.53,0.00,10.00,-0.10,999.00,1,0,0
1781769148.9345326,0.00,1.30,0.00,10.00,-0.09,999.00,1,0,0
1781769149.034616,0.00,0.99,0.00,10.00,-0.07,999.00,1,0,0
1781769149.134513,0.00,1.01,0.00,10.00,-0.07,999.00,1,0,0
1781769149.234531,0.00,0.81,0.00,10.00,-0.05,999.00,1,0,0
1781769149.3346186,0.00,0.71,0.00,10.00,-0.05,999.00,1,0,0
1781769149.4345167,0.00,0.67,0.00,10.00,-0.04,999.00,1,0,0
1781769149.5345652,0.00,0.77,0.00,10.00,-0.05,999.00,1,0,0
1781769149.6345234,0.00,0.86,0.00,10.00,-0.06,999.00,1,0,0
1781769149.7345247,0.00,0.97,0.00,10.00,-0.06,999.00,1,0,0
1781769149.8346689,0.00,1.03,0.00,10.00,-0.07,999.00,1,0,0
1781769149.934409,0.00,1.06,0.00,10.00,-0.07,999.00,1,0,0
1781769150.0347168,0.00,1.12,0.00,10.00,-0.07,999.00,1,0,0
1781769150.1345468,0.00,1.14,0.00,10.00,-0.08,999.00,1,0,0
1781769150.2346127,0.00,1.17,0.00,10.00,-0.08,999.00,1,0,0
1781769150.3344107,0.00,1.18,0.00,10.00,-0.08,999.00,1,0,0
1781769150.4346032,0.00,1.25,0.00,10.00,-0.08,999.00,1,0,0
1781769150.5345926,0.00,1.32,0.00,10.00,-0.09,999.00,1,0,0
1781769150.634544,0.00,1.37,0.00,10.00,-0.09,999.00,1,0,0
1781769150.7346044,0.00,1.39,0.00,10.00,-0.09,999.00,1,0,0
1781769150.8346972,0.00,1.42,0.00,10.00,-0.09,999.00,1,0,0
1781769150.934788,0.00,1.43,0.00,10.00,-0.10,999.00,1,0,0
1781769151.0345595,0.00,1.42,0.00,10.00,-0.09,999.00,1,0,0
1781769151.134612,0.00,1.42,0.00,10.00,-0.09,999.00,1,0,0
1781769151.2346635,0.00,1.42,0.00,10.00,-0.09,999.00,1,0,0
1781769151.3345418,0.00,1.41,0.00,10.00,-0.09,999.00,1,0,0
1781769151.4345274,0.00,1.40,0.00,10.00,-0.09,999.00,1,0,0
1781769151.5347586,0.00,1.32,0.00,10.00,-0.09,999.00,1,0,0
1781769151.634747,0.00,1.26,0.00,10.00,-0.08,999.00,1,0,0
1781769151.7347555,0.00,1.08,0.00,10.00,-0.07,999.00,1,0,0
1781769151.834597,0.00,1.01,0.00,10.00,-0.07,999.00,1,0,0
1781769151.9345248,0.00,0.96,0.00,10.00,-0.06,999.00,1,0,0
1781769152.0346277,0.00,0.96,0.00,10.00,-0.06,999.00,1,0,0
1781769152.1355584,0.00,0.96,0.00,10.00,-0.06,999.00,1,0,0
1781769152.235435,0.00,0.79,0.00,10.00,-0.06,999.00,1,0,0
1781769152.3345516,0.00,1.04,0.00,10.00,-0.07,999.00,1,0,0
1781769152.4349785,0.00,1.14,0.00,10.00,-0.08,999.00,1,0,0
1781769152.534735,0.00,1.26,0.00,10.00,-0.09,999.00,1,0,0
1781769152.6345093,0.00,1.30,0.00,10.00,-0.09,999.00,1,0,0
1781769152.7345052,0.00,1.33,0.00,10.00,-0.09,999.00,1,0,0
1781769152.8351207,0.00,1.32,0.00,10.00,-0.09,999.00,1,0,0
1781769152.9344428,0.00,1.28,0.00,10.00,-0.09,999.00,1,0,0
1781769153.0348742,0.00,1.20,0.00,10.00,-0.08,999.00,1,0,0
1781769153.1357205,0.00,1.15,0.00,10.00,-0.08,999.00,1,0,0
1781769153.2353444,0.00,1.11,0.00,10.00,-0.07,999.00,1,0,0
1781769153.3348544,0.00,1.08,0.00,10.00,-0.07,999.00,1,0,0
1781769153.4347475,0.00,1.06,0.00,10.00,-0.07,999.00,1,0,0
1781769153.5347202,0.00,1.06,0.00,10.00,-0.07,999.00,1,0,0
1781769153.6346624,0.00,0.87,0.00,10.00,-0.06,999.00,1,0,0
1781769153.7348733,0.00,0.77,0.00,10.00,-0.05,999.00,1,0,0
1781769153.834581,0.00,0.73,0.00,10.00,-0.05,999.00,1,0,0
1781769153.9344687,0.00,0.74,0.00,10.00,-0.05,999.00,1,0,0
1781769154.0346298,0.00,0.86,0.00,10.00,-0.06,999.00,1,0,0
1781769154.1350565,0.00,0.98,0.00,10.00,-0.07,999.00,1,0,0
1781769154.23457,0.00,1.10,0.00,10.00,-0.07,999.00,1,0,0
1781769154.3345935,0.00,1.21,0.00,10.00,-0.08,999.00,1,0,0
1781769154.4346988,0.00,1.27,0.00,10.00,-0.08,999.00,1,0,0
1781769154.5345714,0.00,1.36,0.00,10.00,-0.09,999.00,1,0,0
1781769154.634695,0.00,1.48,0.00,10.00,-0.10,999.00,1,0,0
1781769154.7355704,0.00,1.51,0.00,10.00,-0.11,999.00,1,0,0
1781769154.8347304,0.00,1.53,0.00,10.00,-0.10,999.00,1,0,0
1781769154.9345715,0.00,1.35,0.00,10.00,-0.09,999.00,1,0,0
1781769155.0346022,0.00,1.20,0.00,10.00,-0.08,999.00,1,0,0
1781769155.134392,0.00,0.97,0.00,10.00,-0.06,999.00,1,0,0
1781769155.2345424,0.00,0.67,0.00,10.00,-0.04,999.00,1,0,0
1781769155.3345637,0.00,0.32,0.00,10.00,-0.02,999.00,1,0,0
1781769155.434524,0.00,2.88,0.00,10.00,-0.19,999.00,1,0,0
1781769155.5345974,0.00,4.20,0.00,10.00,-0.28,999.00,1,0,0
1781769155.634527,0.00,4.86,0.00,10.00,-0.32,999.00,1,0,0
1781769155.7347524,0.00,5.19,0.00,10.00,-0.35,999.00,1,0,0
1781769155.8345566,0.00,5.35,0.00,10.00,-0.36,999.00,1,0,0
1781769155.934506,0.00,5.46,0.00,10.00,-0.36,999.00,1,0,0
1781769156.0344965,0.00,5.51,0.00,10.00,-0.37,999.00,1,0,0
1781769156.1346307,0.00,5.55,0.00,10.00,-0.37,999.00,1,0,0
1781769156.2347536,0.00,5.59,0.00,10.00,-0.37,999.00,1,0,0
1781769156.334587,0.00,5.61,0.00,10.00,-0.37,999.00,1,0,0
1781769156.434695,0.00,5.60,0.00,10.00,-0.37,999.00,1,0,0
1781769156.5345454,0.00,5.56,0.00,10.00,-0.37,999.00,1,0,0
1781769156.6345747,0.00,5.55,0.00,10.00,-0.37,999.00,1,0,0
1781769156.7345119,0.00,5.58,0.00,10.00,-0.37,999.00,1,0,0
1781769156.8343875,0.00,5.58,0.00,10.00,-0.37,999.00,1,0,0
1781769156.934451,0.00,5.57,0.00,10.00,-0.37,999.00,1,0,0
1781769157.034533,0.00,3.57,0.00,10.00,-0.24,999.00,1,0,0
1781769157.1344872,0.00,1.98,0.00,10.00,-0.13,999.00,1,0,0
1781769157.2345524,0.00,1.43,0.00,10.00,-0.08,999.00,1,0,0
1781769157.3345602,0.00,0.87,0.00,10.00,-0.06,999.00,1,0,0
1781769157.4359245,0.00,0.74,0.00,10.00,-0.05,999.00,1,0,0
1781769157.5345032,0.00,0.55,0.00,10.00,-0.04,999.00,1,0,0
1781769157.6345277,0.00,0.41,0.00,10.00,-0.03,999.00,1,0,0
1781769157.7345374,0.00,0.33,0.00,10.00,-0.02,999.00,1,0,0
1781769157.834516,0.00,0.27,0.00,10.00,-0.02,999.00,1,0,0
1781769157.9345076,0.00,0.21,0.00,10.00,-0.01,999.00,1,0,0
1781769158.0345147,0.00,0.21,0.00,10.00,-0.01,999.00,1,0,0
1781769158.1344917,0.00,0.15,0.00,10.00,-0.01,999.00,1,0,0
1781769158.2346146,0.00,0.12,0.00,10.00,-0.01,999.00,1,0,0
1781769158.334514,0.00,0.06,0.00,10.00,-0.00,999.00,1,0,0
1781769158.4345713,0.00,1.89,0.00,10.00,-0.13,999.00,1,0,0
1781769158.534541,0.00,3.52,0.00,10.00,-0.23,999.00,1,0,0
1781769158.634734,0.00,4.33,0.00,10.00,-0.29,999.00,1,0,0
1781769158.7348237,0.00,4.63,0.00,10.00,-0.32,999.00,1,0,0
1781769158.834719,0.00,4.89,0.00,10.00,-0.33,999.00,1,0,0
1781769158.934467,0.00,5.02,0.00,10.00,-0.34,999.00,1,0,0
1781769159.0348384,0.00,5.07,0.00,10.00,-0.34,999.00,1,0,0
1781769159.134975,0.00,5.15,0.00,10.00,-0.34,999.00,1,0,0
1781769159.234466,0.00,5.17,0.00,10.00,-0.34,999.00,1,0,0
1781769159.3352463,0.00,5.17,0.00,10.00,-0.34,999.00,1,0,0
1781769159.434787,0.00,5.16,0.00,10.00,-0.34,999.00,1,0,0
1781769159.5349612,0.00,5.15,0.00,10.00,-0.34,999.00,1,0,0
1781769159.634639,0.00,5.21,0.00,10.00,-0.35,999.00,1,0,0
1781769159.7349596,0.00,5.25,0.00,10.00,-0.35,999.00,1,0,0
1781769159.8345351,0.00,5.20,0.00,10.00,-0.35,999.00,1,0,0
1781769159.9345324,0.00,5.18,0.00,10.00,-0.35,999.00,1,0,0
1781769160.035517,0.00,5.16,0.00,10.00,-0.34,999.00,1,0,0
1781769160.1347005,0.00,5.15,0.00,10.00,-0.34,999.00,1,0,0
1781769160.2352278,0.00,5.14,0.00,10.00,-0.34,999.00,1,0,0
1781769160.334601,0.00,5.14,0.00,10.00,-0.34,999.00,1,0,0
1781769160.434673,0.00,5.14,0.00,10.00,-0.34,999.00,1,0,0
1781769160.537533,0.00,5.20,0.00,10.00,-0.35,999.00,1,0,0
1781769160.6348426,0.00,5.16,0.00,10.00,-0.34,999.00,1,0,0
1781769160.734591,0.00,5.27,0.00,10.00,-0.35,999.00,1,0,0
1781769160.8348017,0.00,5.25,0.00,10.00,-0.35,999.00,1,0,0
1781769160.9352317,0.00,2.92,0.00,10.00,-0.19,999.00,1,0,0
1781769161.0346732,0.00,1.86,0.00,10.00,-0.12,999.00,1,0,0
1781769161.1344817,0.00,1.69,0.00,10.00,-0.11,999.00,1,0,0
1781769161.2348773,0.00,1.99,0.00,10.00,-0.13,999.00,1,0,0
1781769161.3353016,0.00,2.43,0.00,10.00,-0.16,999.00,1,0,0
1781769161.4346287,0.00,2.84,0.00,10.00,-0.19,999.00,1,0,0
1781769161.5347419,0.00,2.79,0.00,10.00,-0.19,999.00,1,0,0
1781769161.6346655,0.00,2.93,0.00,10.00,-0.20,999.00,1,0,0
1781769161.7344863,0.00,3.12,0.00,10.00,-0.21,999.00,1,0,0
1781769161.8344965,0.00,3.27,0.00,10.00,-0.22,999.00,1,0,0
1781769161.9344923,0.00,3.37,0.00,10.00,-0.22,999.00,1,0,0
